link, desig, details, org, loc, exp, keyskills, descl, salary 
https://www.naukri.com/job-listings-Opportunity-with-Cmml5-Company-for-Infotainment-Volantis-Technologies-Pvt-Ltd-Pune-8-to-13-years-230517008761?src=jobsearchDesk&sid=14955528596374&xp=1,Opportunity with Cmml5 Company for Infotainment,Opportunity with Cmml5 Company for Infotainment,Volantis Technologies Pvt Ltd.,Pune,8-13 yrs,Embedded Linux GNU OOAD UML Multithreading Embedded Systems...,,Not disclosed
https://www.naukri.com/job-listings-Direct-Walk-in-on-26th-May-2pm-4pm-for-Web-Developer-Airoli-Accenture-Solutions-Pvt-Ltd-Mumbai-2-to-6-years-230517008690?src=jobsearchDesk&sid=14955528596374&xp=2,Direct Walk-in on 26th May_2pm-4pm for Web Developer - Airoli,Direct Walk-in on 26th May_2pm-4pm for Web Developer - Airoli,Accenture Solutions Pvt Ltd,Mumbai,2-6 yrs,HTML CSS JQuery Web Development CMS Web Technologies...,,Not disclosed
https://www.naukri.com/job-listings-Executive-Assistant-to-CEO-US-Shift-GlobalStep-Services-Pvt-Ltd-Pune-Vadgaon-Sheri-1-4-to-7-years-230517008759?src=jobsearchDesk&sid=14955528596374&xp=3,Executive Assistant to CEO ( US Shift),Executive Assistant to CEO ( US Shift),GlobalStep Services Pvt Ltd,Pune(Vadgaon Sheri+1),4-7 yrs,Administration Administrative Assistance Travel Desk...,Looking after CEO's calendar Travel plan &amp; LogisticsCoordinate day-to-day ...,Not disclosed
https://www.naukri.com/job-listings-Account-Payable-Executive-Collabera-Technologies-Pvt-Ltd-Vadodara-1-to-2-years-230517008674?src=jobsearchDesk&sid=14955528596374&xp=4,Account Payable Executive,Account Payable Executive,Collabera Technologies Pvt. Ltd.,Vadodara,1-2 yrs,accounts payable,Job title: Account Payable Executive	Location: Baroda Gujarat	Shift Timings:  6 pm-4 am(Mon-Fri ...,Not disclosed
https://www.naukri.com/job-listings-Opportunity-with-Cmml5-Company-for-Infor-X-Functional-Consultant-Volantis-Technologies-Pvt-Ltd-Pune-3-to-7-years-230517008698?src=jobsearchDesk&sid=14955528596374&xp=5,Opportunity with Cmml5 Company for Infor X Functional Consultant,Opportunity with Cmml5 Company for Infor X Functional Consultant,Volantis Technologies Pvt Ltd.,Pune,3-7 yrs,Infor XA mapics,,Not disclosed
https://www.naukri.com/job-listings-Looking-for-Candidates-with-Amazon-Web-Service-aws-Experince-Synechron-Technologies-Pvt-Ltd-Pune-4-to-9-years-230517008662?src=jobsearchDesk&sid=14955528596374&xp=6,Looking for Candidates with Amazon Web Service (aws) Experince.,Looking for Candidates with Amazon Web Service (aws) Experince.,Synechron Technologies Pvt Ltd,Pune,4-9 yrs,Devops AWS Python Cloud Web Technologies amazon web service migration,Job Description : Minimum 4 - 5 years of experience ...,Not disclosed
https://www.naukri.com/job-listings-Opening-for-System-Admin-desktop-Support-Frontier-Business-Systems-Private-Limited-Coimbatore-Bhubaneshwar-1-to-2-years-230517008657?src=jobsearchDesk&sid=14955528596374&xp=7,Job Opening for System Admin/desktop Support,Job Opening for System Admin/desktop Support,Frontier Business Systems Private Limited,Coimbatore Bhubaneshwar,1-2 yrs,LAN Troubleshooting Desktop Support System Administration...,Dear all Looking for candidates for System admin/ desktop support /technical support for one of ...,Not disclosed
https://www.naukri.com/job-listings-Need-Immediate-Joiners-Cobol-Developer-6-to-9-Years-Mumbai-Capgemini-Technology-Services-India-Limited-Mumbai-6-to-9-years-230517008655?src=jobsearchDesk&sid=14955528596374&xp=8,Need Immediate Joiners- Cobol Developer || 6 to 9 Years || Mumbai,Need Immediate Joiners- Cobol Developer || 6 to 9 Years || Mumbai,Capgemini Technology Services India Limited,Mumbai,6-9 yrs,cobol RPG DB2 L3 support production support development,We are hiring COBOL Developer role within our team in Mumbai Skill / Specification / ...,Not disclosed
https://www.naukri.com/job-listings-PHP-Developer-PHP-Team-Leader-aasaanjobs-private-limited-Mumbai-2-to-7-years-230517008652?src=jobsearchDesk&sid=14955528596374&xp=9,PHP Developer / PHP Team Leader,PHP Developer / PHP Team Leader,aasaanjobs private limited,Mumbai,2-7 yrs,Javascript Codeigniter CSS HTML Ajax PHP Yii Zend MySQL...,Education:- GraduationExperience:- 24 to 60 monthsMinimum 2 years of experience as a PHP ...,325000 - 825000 P.A. other
https://www.naukri.com/job-listings-Java-Technical-Architect-Impetus-Infotech-India-Pvt-Ltd-Delhi-NCR-Indore-5-to-10-years-230517008632?src=jobsearchDesk&sid=14955528596374&xp=10,Java - Technical Architect,Java - Technical Architect,Impetus Infotech ( India ) Pvt. Ltd.,Delhi NCR Indore,5-10 yrs,Core Java Multithreading collections algorithm data structures...,,Not disclosed
https://www.naukri.com/job-listings-Senior-Software-Engineer-Java-Developer-Accolite-Software-India-Pvt-Ltd-Mumbai-Bengaluru-3-to-8-years-230517008643?src=jobsearchDesk&sid=14955528596374&xp=11,Senior Software Engineer - Java Developer,Senior Software Engineer - Java Developer,Accolite Software India Pvt Ltd,Mumbai Bengaluru,3-8 yrs,Software Engineering java multithreading Data Structure and Algorithms...,,Not disclosed
https://www.naukri.com/job-listings-Looking-for-Fresher-experienced-b-e-mba-nagpur-adcc-Infocad-Ltd-ADCC-Infocad-Ltd-Nagpur-0-to-5-years-230517008641?src=jobsearchDesk&sid=14955528596374&xp=12,Looking for Fresher/experienced -b.e+mba-nagpur-adcc Infocad Ltd.,Looking for Fresher/experienced -b.e+mba-nagpur-adcc Infocad Ltd.,ADCC Infocad Ltd,Nagpur,0-5 yrs,fresher Engineering MBA,,50000 - 200000 P.A. other
https://www.naukri.com/job-listings-Sourcing-Specialist-Indore-day-Shift-5-Days-Working-LanceSoft-India-Pvt-Ltd-Indore-0-to-1-years-230517008613?src=jobsearchDesk&sid=14955528596374&xp=13,Sourcing Specialist - Indore day Shift - 5 Days Working,Sourcing Specialist - Indore day Shift - 5 Days Working,LanceSoft India Pvt. Ltd.,Indore,0-1 yrs,Pressure Handling Interviewing Negotiation Skills Communication Skills...,Job Description:1. Identify and Search IT Professionals in the US Market through different Sources. ...,Not disclosed
https://www.naukri.com/job-listings-PEGA-Architect-Opening-for-Bangalore-Location-Experis-IT-Private-Limited-Bengaluru-9-to-14-years-230517008607?src=jobsearchDesk&sid=14955528596374&xp=14,PEGA Architect Opening for Bangalore Location,PEGA Architect Opening for Bangalore Location,Experis IT Private Limited,Bengaluru,9-14 yrs,pega architect LSA Lead System Architect prpc,Currently we are looking for Pega Architect opening for Bangalore location.Selected candidates ...,Not disclosed
https://www.naukri.com/job-listings-Hiring-for-Networking-Customer-Support-Hcl-Technologies-Limited-Chennai-3-to-6-years-230517008603?src=jobsearchDesk&sid=14955528596374&xp=15,Hiring for Networking Customer Support,Hiring for Networking Customer Support,Hcl Technologies Limited,Chennai,3-6 yrs,Networking Routing Protocols Switching Ip Routing TCP...,Required Skills &amp; QualificationsIt is expected that the applicant must have:	BA/B. ...,Not disclosed
https://www.naukri.com/job-listings-Managing-Consultant-Utilities-Retail-Wipro-Ltd-Pune-Pune-10-to-20-years-230517901463?src=jobsearchDesk&sid=14955528596374&xp=16,Managing Consultant - Utilities - Retail,Managing Consultant - Utilities - Retail,Wipro Ltd,Pune Pune,10-20 yrs,ENU Consulting,17+ Yrs of globalexperience in Utilities Energy Retailers and Solution designing. ...,Not disclosed
https://www.naukri.com/job-listings-Lead-Administrator-Unix-Infrastructure-Wipro-Ltd-Pune-Pune-5-to-10-years-230517901465?src=jobsearchDesk&sid=14955528596374&xp=17,Lead Administrator Unix Infrastructure,Lead Administrator Unix Infrastructure,Wipro Ltd,Pune Pune,5-10 yrs,Solaris Admin,Key skills required for the job are: Solaris Admin (Mandatory) As a Lead Administrator you should be ...,Not disclosed
https://www.naukri.com/job-listings-Lead-Administrator-Desktop-Support-Wipro-Ltd-Coimbatore-Coimbatore-3-to-8-years-230517901464?src=jobsearchDesk&sid=14955528596374&xp=18,Lead Administrator - Desktop Support,Lead Administrator - Desktop Support,Wipro Ltd,Coimbatore Coimbatore,3-8 yrs,SCCM Admin - System Center Configuration Manager,Â  Technical Leadwith 8 years of experience in Software Distribution Software Updates ...,Not disclosed
https://www.naukri.com/job-listings-Lead-Administrator-Windows-Infrastructure-Wipro-Ltd-Bengaluru-Bengaluru-5-to-10-years-230517901466?src=jobsearchDesk&sid=14955528596374&xp=19,Lead Administrator Windows Infrastructure,Lead Administrator Windows Infrastructure,Wipro Ltd,Bengaluru Bengaluru,5-10 yrs,Windows Admin,Key skills required for the job are: Windows Admin (Mandatory) As a Lead Administrator you should be ...,Not disclosed
https://www.naukri.com/job-listings-Tech-Lead-IBM-ESB-Wipro-Ltd-Bengaluru-Bengaluru-3-to-8-years-230517901467?src=jobsearchDesk&sid=14955528596374&xp=20,Tech Lead IBM ESB,Tech Lead IBM ESB,Wipro Ltd,Bengaluru Bengaluru,3-8 yrs,ESB,Key skills required for the job are: undefined(Mandatory) As a Lead you are responsible for managing a ...,Not disclosed
https://www.naukri.com/job-listings-Tech-Lead-Enterprise-Platform-Engineering-Wipro-Ltd-Chennai-Chennai-3-to-8-years-230517901468?src=jobsearchDesk&sid=14955528596374&xp=21,Tech Lead Enterprise Platform Engineering,Tech Lead Enterprise Platform Engineering,Wipro Ltd,Chennai Chennai,3-8 yrs,Enterprise Platforms Engineering,Key skills required for the job are: Enterprise Platforms Engineering (Mandatory) Java-J2EE As a Lead ...,Not disclosed
https://www.naukri.com/job-listings-Tech-Lead-Enterprise-Platform-Engineering-Wipro-Ltd-Kolkata-Kolkata-3-to-8-years-230517901469?src=jobsearchDesk&sid=14955528596374&xp=22,Tech Lead Enterprise Platform Engineering,Tech Lead Enterprise Platform Engineering,Wipro Ltd,Kolkata Kolkata,3-8 yrs,Enterprise Platforms Engineering,Key skills required for the job are: Enterprise Platforms Engineering (Mandatory) Core Java As a Lead ...,Not disclosed
https://www.naukri.com/job-listings-Lead-IT-Environment-Management-Wipro-Ltd-Bengaluru-Bengaluru-3-to-8-years-230517901470?src=jobsearchDesk&sid=14955528596374&xp=23,Lead - IT Environment Management,Lead - IT Environment Management,Wipro Ltd,Bengaluru Bengaluru,3-8 yrs,IT Environment Management,Key skills required for the job are: IT Environment Management (Mandatory) As a Lead you are ...,Not disclosed
https://www.naukri.com/job-listings-Urgent-Opening-for-Business-Development-Managers-with-Scadea-Noida-Scadea-Software-Solutions-Pvt-Ltd-Noida-Sector-63-Noida-4-to-9-years-230517008517?src=jobsearchDesk&sid=14955528596374&xp=24,Urgent Opening for Business Development Managers with Scadea Noida,Urgent Opening for Business Development Managers with Scadea Noida,Scadea Software Solutions Pvt Ltd.,Noida(Sector-63 Noida),4-9 yrs,Sales Management Business Development Management Key Account Management...,Scadea Solutions Inc. a fast growing ERP Services company is seeking motivated Business Development ...,Not disclosed
https://www.naukri.com/job-listings-Pre-sales-Analyst-Proposal-Writer-Zolon-Tech-Ltd-Hyderabad-Madhapur-1-to-3-years-230517008518?src=jobsearchDesk&sid=14955528596374&xp=25,Pre-sales Analyst/ Proposal Writer,Pre-sales Analyst/ Proposal Writer,Zolon Tech Ltd,Hyderabad(Madhapur),1-3 yrs,Market Research Primary Research Market Analysis Business Development...,Job Title         : Pre-Sales Analyst/Proposal ...,200000 - 500000 P.A. other
https://www.naukri.com/job-listings-Walkin-Drive-for-UI-UX-FSS-on-Friday-10-00-am-4-00pm-Financial-Software-Systems-Pvt-Ltd-Chennai-2-to-6-years-230517008519?src=jobsearchDesk&sid=14955528596374&xp=26,Walkin Drive for UI/ UX @ FSS on Friday ( 10.00 am- 4.00pm),Walkin Drive for UI/ UX @ FSS on Friday ( 10.00 am- 4.00pm),Financial Software  Systems Pvt. Ltd.,Chennai,2-6 yrs,Photoshop HTML Illustrator Html5 Javascript UX Web Technologies...,Job Description Greetings from FSS!!Job ResponsibilityExpert and working ...,200000 - 700000 P.A. other
https://www.naukri.com/job-listings-Cybage-Software-Hiring-Hybris-Developers-Cybage-Software-Pvt-Ltd-Pune-3-to-8-years-170417004239?src=jobsearchDesk&sid=14955528596374&xp=27,Cybage Software - Hiring Hybris Developers,Cybage Software - Hiring Hybris Developers,Cybage Software Pvt. Ltd,Pune,3-8 yrs,Hybris hybris developer hybris sap sap hybris hybris certified,  About Hybris at Cybage   Cybage Software is a technology consulting organization ...,Not disclosed
https://www.naukri.com/job-listings-Hiring-Freshers-any-Graduate-IT-Recruiter-Night-Shift-Indore-LanceSoft-India-Pvt-Ltd-Indore-0-to-1-years-260417000687?src=jobsearchDesk&sid=14955528596374&xp=28,Hiring Freshers any Graduate  - IT Recruiter - Night Shift - Indore,Hiring Freshers any Graduate  - IT Recruiter - Night Shift - Indore,LanceSoft India Pvt. Ltd.,Indore,0-1 yrs,US IT Recruitment US Market Night Shift Team Leading Pressure Handling...,Title: US IT Recruiter Location: Indore 301 Airen Heights PU III Scheme No. 54 Indore -452010 Opp. ...,Not disclosed
https://www.naukri.com/job-listings-Walk-in-ll-Php-drupal-Developer-ll-Q3-Technologies-ll-Q3-Infotech-Private-Limited-Gurgaon-Sohna-Road-2-to-7-years-050417001524?src=jobsearchDesk&sid=14955528596374&xp=29,Walk in ll Php-drupal Developer ll Q3 Technologies ll,Walk in ll Php-drupal Developer ll Q3 Technologies ll,Q3 Infotech Private Limited,Gurgaon(Sohna Road),2-7 yrs,MySQL PHP JQuery Drupal MVC Framework LAMP STACK,,Not disclosed
https://www.naukri.com/job-listings-Java-with-Angular-JS-Webservices-Rest-JSON-Business-arts-India-Pvt-Ltd-Hyderabad-4-to-7-years-230517008433?src=jobsearchDesk&sid=14955528596374&xp=30,Java with Angular JS Webservices Rest JSON,Java with Angular JS Webservices Rest JSON,Business arts India Pvt. Ltd.,Hyderabad,4-7 yrs,Rest Javascript JSON Web Services Java,,300000 - 800000 P.A.
https://www.naukri.com/job-listings-SAP-ABAP-Certified-Freshers-Walk-in-Krish-IT-Solutions-Pvt-Ltd-Chennai-0-to-0-years-220117001225?src=jobsearchDesk&sid=14955528596374&xp=31,SAP ABAP Certified Freshers Walk-in,SAP ABAP Certified Freshers Walk-in,Krish IT Solutions Pvt Ltd,Chennai,0-0 yrs,SAP ABAP,Greetings !!!   We are looking for SAP ABAP Freshers with Certified for our projects.  ...,Not disclosed
https://www.naukri.com/job-listings-Test-Data-Management-Lead-SQS-India-BFSI-Limited-Chennai-7-to-10-years-230517008426?src=jobsearchDesk&sid=14955528596374&xp=32,Test Data Management - Lead,Test Data Management - Lead,SQS India BFSI Limited,Chennai,7-10 yrs,Oracle SQL SQL Server Teradata Informatica ETL Talend Ab Initio...,    SQS INDIA BFSI Ltd is Hiring for TDM(Test Data Management)Lead with 7 - 10 Years ...,Not disclosed
https://www.naukri.com/job-listings-Openings-for-MNC-Client-hyderabad-and-Pune-Right-Avenue-Infotech-Private-Limited-Pune-Hyderabad-3-to-8-years-230517008428?src=jobsearchDesk&sid=14955528596374&xp=33,Openings for MNC Client (hyderabad and Pune),Openings for MNC Client (hyderabad and Pune),Right Avenue Infotech Private Limited,Pune Hyderabad,3-8 yrs,Automation Testing Selenium Cucumber API Testing Grid SOAP UI Maven...,Job Details:- Job Type : Full time   Skills :    Work Location: ...,Not disclosed
https://www.naukri.com/job-listings-Urgent-Opening-For-Net-Developer-Business-arts-India-Pvt-Ltd-Hyderabad-4-to-7-years-230517008423?src=jobsearchDesk&sid=14955528596374&xp=34,Urgent Opening For .Net Developer,Urgent Opening For .Net Developer,Business arts India Pvt. Ltd.,Hyderabad,4-7 yrs,java spring hibernate Big Data,,Not disclosed
https://www.naukri.com/job-listings-Obiee-Consultant-Developer-Pylon-Management-Consulting-Pvt-Ltd-Bengaluru-4-to-7-years-230517008414?src=jobsearchDesk&sid=14955528596374&xp=35,Obiee Consultant / Developer,Obiee Consultant / Developer,Pylon Management Consulting Pvt Ltd,Bengaluru,4-7 yrs,SQL Oracle Database 11G PLSQL PL Performance Tuning OBIEE ETL RPD...,Hi  Hiring for OBIEE Consultant / developer for a CMM level 5 professional service company for ...,Not disclosed
https://www.naukri.com/job-listings-Opening-for-Sap-ISU-Bangalore-Location-Frontier-Business-Systems-Private-Limited-Bengaluru-Devanahalli-1-3-to-6-years-230517008418?src=jobsearchDesk&sid=14955528596374&xp=36,Job Opening for Sap ISU- Bangalore Location,Job Opening for Sap ISU- Bangalore Location,Frontier Business Systems Private Limited,Bengaluru(Devanahalli+1),3-6 yrs,SAP ISU Plant Maintenance Fica Functional Consultancy Device Mgt...,Dear all  We have an urgent requirements for one of out MNC client   Candidate who has ...,Not disclosed
https://www.naukri.com/job-listings-Walk-in-For-Executive-Talent-Acquisition-Indegene-Private-Limited-Bengaluru-Hebbal-0-to-1-years-180517004242?src=jobsearchDesk&sid=14955528596374&xp=37,Walk in For Executive - Talent Acquisition,Walk in For Executive - Talent Acquisition,Indegene Private Limited,Bengaluru(Hebbal),0-1 yrs,Recruitment Screening Interviewing Candidates Sourcing Hiring Staffing...,1.    Work closely with Hiring Managers to understand overall needs and requirements. (Job Description ...,Not disclosed
https://www.naukri.com/job-listings-SQL-DBA-Pramati-Technologies-Bangalore-Pramati-Technologies-P-Ltd-Bengaluru-5-to-9-years-310317004341?src=jobsearchDesk&sid=14955528596374&xp=38,SQL DBA- Pramati Technologies Bangalore,SQL DBA- Pramati Technologies Bangalore,Pramati Technologies (P) Ltd,Bengaluru,5-9 yrs,Mirroring Replication High Availability T - SQL SQL DBA Restore...,,Not disclosed
https://www.naukri.com/job-listings-Information-Technology-MIS-Storage-and-Backup-Administration-Marvell-India-Pvt-Ltd-Bengaluru-5-to-8-years-240417900671?src=jobsearchDesk&sid=14955528616707&xp=1,Information Technology /  MIS - Storage and Backup Administration,Information Technology /  MIS - Storage and Backup Administration,Marvell India Pvt Ltd,Bengaluru,5-8 yrs,Customer service Unix Windows Solaris Shell scripting Automation...,,Not disclosed
https://www.naukri.com/job-listings-General-Manager-Information-Technology-Shahi-Exports-Pvt-Ltd-Faridabad-15-to-25-years-140417003520?src=jobsearchDesk&sid=14955528616707&xp=2,General Manager - Information Technology,General Manager - Information Technology,Shahi Exports Pvt Ltd.,Faridabad,15-25 yrs,GM IT Information Technology Software Development Life Cycle...,As GM -IT you will be responsible for designing new IT solutions modify enhance and  adapt existing ...,Not disclosed
https://www.naukri.com/job-listings-Software-Support-Engineer-Netpro-Infotech-Mumbai-Mumbai-Suburbs-0-to-0-years-220517000370?src=jobsearchDesk&sid=14955528616707&xp=3,Software Support Engineer,Software Support Engineer,Netpro Infotech,Mumbai Mumbai Suburbs,0-0 yrs,IT fresher it trainee it fresher  information technology trainee,,175000 P.A.
https://www.naukri.com/job-listings-SOX-Information-Technology-WNS-GLOBAL-SERVICES-PRIVATE-LIMITED-Mumbai-3-to-6-years-120517003535?src=jobsearchDesk&sid=14955528616707&xp=4,SOX - Information Technology,SOX - Information Technology,WNS GLOBAL SERVICES PRIVATE LIMITED,Mumbai,3-6 yrs,Auditing IT SOX Compliance Business Reporting testing SOX IT Oracle...,Candidate will be a member of the practice which manages IT and SOX compliance for the WNS group. ...,Not disclosed
https://www.naukri.com/job-listings-Manager-IT-Nava-Bharat-Ventures-Limited-Samalkot-10-to-18-years-190517004168?src=jobsearchDesk&sid=14955528616707&xp=5,Manager IT,Manager IT,Nava Bharat Ventures Limited,Samalkot,10-18 yrs,Visual Studio SQL Server .Net Web Technologies Smart Card...,Manager-IT: B.Tech - Information Technology / MCA / M.Sc. (Computer Science) having 10-15 years ...,Not disclosed
https://www.naukri.com/job-listings-Dy-General-Manager-Information-Technology-Sun-Pharmaceutical-Industries-Ltd-Mumbai-10-to-15-years-280417006765?src=jobsearchDesk&sid=14955528616707&xp=6,Dy General Manager - Information Technology,Dy General Manager - Information Technology,Sun Pharmaceutical Industries Ltd,Mumbai,10-15 yrs,Project Management Business Solutions Dy Business Applications...,      Business Applications Project Management and Support Management. ...,Not disclosed
https://www.naukri.com/job-listings-Director-AVP-IT-SG-Analytics-Pvt-Ltd-Pune-Kharadi-10-to-14-years-090517008409?src=jobsearchDesk&sid=14955528616707&xp=7,Director/ AVP- IT,Director/ AVP- IT,SG Analytics Pvt. Ltd.,Pune(Kharadi),10-14 yrs,Information Security Management IT Audit Cism IT Risk Management Cisa...,Reports to: Chief Operating Officer  General description of the rle: the IT Head is in charge of the ...,Not disclosed
https://www.naukri.com/job-listings-Walkin-Interviews-for-Service-Desk-l1-l2-l3-Roles-20th-May-2017-Microland-Limited-Chennai-5-to-10-years-160517007832?src=jobsearchDesk&sid=14955528616707&xp=8,Walkin Interviews for Service Desk (l1/l2/l3) Roles -20th May 2017,Walkin Interviews for Service Desk (l1/l2/l3) Roles -20th May 2017,Microland Limited,Chennai,5-10 yrs,service desk it helpdesk helpdesk it service desk service desk analyst...,Please find the details of Walk-In interviews for Service Desk analyst(L1/L2/L3) roles. Please apply if ...,500000 - 1000000 P.A.
https://www.naukri.com/job-listings-Operations-Engineer-Arnold-Consulting-Private-Limited-Bengaluru-2-to-4-years-230517006236?src=jobsearchDesk&sid=14955528616707&xp=9,Operations Engineer,Operations Engineer,Arnold Consulting Private Limited,Bengaluru,2-4 yrs,Office 365 IT Operations Active Directory Customer Support...,  2 to 4 years experience working as a team member of a global IT operations team or an IT ...,Not disclosed
https://www.naukri.com/job-listings-Information-Technology-MIS-Unix-linux-Systems-Administration-Marvell-India-Pvt-Ltd-Bengaluru-5-to-8-years-290417900660?src=jobsearchDesk&sid=14955528616707&xp=10,Information Technology / MIS - Unix/linux Systems Administration,Information Technology / MIS - Unix/linux Systems Administration,Marvell India Pvt Ltd,Bengaluru,5-8 yrs,Unix System Administrator PHP Unix Linux Perl Solaris Shell scripting...,,Not disclosed
https://www.naukri.com/job-listings-Java-Developer-iQuest-Management-Consultants-Pvt-Ltd-Pune-6-to-10-years-220517900584?src=jobsearchDesk&sid=14955528616707&xp=11,Java Developer,Java Developer,iQuest Management Consultants Pvt Ltd,Pune,6-10 yrs,J2Ee Oracle Struts SQL TIBCO Technical support Information technology...,Position Summary As a Commerce Java Developer you will work individually and within teams to analyze ...,Not disclosed
https://www.naukri.com/job-listings-Recruitment-Trainees-freshers-Focus-Management-Consultants-Pvt-Ltd-Mumbai-0-to-0-years-020816006278?src=jobsearchDesk&sid=14955528616707&xp=12,Recruitment Trainees-freshers,Recruitment Trainees-freshers,Focus Management Consultants Pvt Ltd.,Mumbai,0-0 yrs,Recruitment Head Hunting Referencing Onboarding Hiring HR...,We are hiring Recruitment Trainees-Freshers for our Mumbai branch located at goregaon west.  Job ...,Not disclosed
https://www.naukri.com/job-listings-Required-Information-Technology-Marketing-Manager-NSS-Enterprises-Delhi-NCR-Badarpur-1-to-5-years-100517005408?src=jobsearchDesk&sid=14955528616707&xp=13,Required Information Technology Cum Marketing Manager,Required Information Technology Cum Marketing Manager,NSS Enterprises,Delhi NCR(Badarpur),1-5 yrs,Information Technology software computer science computers...,,Not disclosed
https://www.naukri.com/job-listings-HCL-Technologies-Fresher-Walk-In-Faridabad-24th-May-2017-HCL-Technologies-Limited-Delhi-NCR-Noida-0-to-0-years-190517000616?src=jobsearchDesk&sid=14955528616707&xp=14,HCL Technologies Fresher Walk In @ Faridabad- 24th May 2017,HCL Technologies Fresher Walk In @ Faridabad- 24th May 2017,HCL Technologies Limited,Delhi NCR Noida,0-0 yrs,B Tech M Tech MCA Fresher development testing SAP Oracle Networking...,  ***Only Walk In candidates will be considered. It's a free walk in (no registration ...,250000 P.A. Earn upto 680000 over and above your grow...
https://www.naukri.com/job-listings-HCL-Technologies-Fresher-Walk-In-Chennai-on-18th-19th-May-2017-HCL-Technologies-Limited-Bengaluru-Chennai-0-to-0-years-160517002277?src=jobsearchDesk&sid=14955528616707&xp=15,HCL Technologies Fresher Walk In@ Chennai on 18th & 19th May 2017,HCL Technologies Fresher Walk In@ Chennai on 18th & 19th May 2017,HCL Technologies Limited,Bengaluru Chennai,0-0 yrs,B Tech M Tech MCA Fresher development testing SAP Oracle Networking...,  ***Only Walk In candidates will be considered. It's a free walk in (open campus- no ...,250000 P.A. To be increased upto 45% upon probation c...
https://www.naukri.com/job-listings-IT-Manager-Micro-Plastics-Pvt-Ltd-Bengaluru-10-to-15-years-170417005044?src=jobsearchDesk&sid=14955528616707&xp=16,IT Manager,IT Manager,Micro Plastics Pvt Ltd,Bengaluru,10-15 yrs,IT Management information technology management SAP erp,Candidates with 12-15 Years of Experience in IT with SAP background. Proficent in handling PC's  ...,1000000 - 1200000 P.A.
https://www.naukri.com/job-listings-General-Manager-Information-Technology-Magna-Health-Solutions-Bengaluru-Rajaji-Nagar-10-to-15-years-140417003022?src=jobsearchDesk&sid=14955528616707&xp=17,General Manager - Information Technology,General Manager - Information Technology,Magna Health Solutions,Bengaluru(Rajaji Nagar),10-15 yrs,Java C++ .Net Flex Software Development Html5 GM Architecting...,General Manager-Software Development (GMSD) to lead a  team of 40+ engineers  (Java ...,Not disclosed
https://www.naukri.com/job-listings-Information-Technology-Services-Mechatronics-Engineer-Fahad-Al-Maghayer-CO-Saudi-Arabia-5-to-10-years-120417008029?src=jobsearchDesk&sid=14955528616707&xp=18,Information Technology & Services/ Mechatronics Engineer,Information Technology & Services/ Mechatronics Engineer,Fahad Al Maghayer. CO,Saudi Arabia,5-10 yrs,Renewable Energy Information Technology Mechatronics Engineering...,1.Candidates must have experience in robots ( Mechanical Engineer Electronic Engineer Design Engineer ...,Not disclosed
https://www.naukri.com/job-listings-Information-Technology-Helpdesk-MICROCHIP-INFOTECH-SYSYEMS-PRIVATE-LIMITED-Noida-2-to-5-years-150517001057?src=jobsearchDesk&sid=14955528616707&xp=19,Information Technology Helpdesk,Information Technology Helpdesk,MICROCHIP INFOTECH SYSYEMS PRIVATE LIMITED,Noida,2-5 yrs,Technical Helpdesk Hardware Monitoring MIS Reporting Helpdesk Executive,,Not disclosed
https://www.naukri.com/job-listings-Vice-President-Information-Technology-System-TalPro-Delhi-NCR-15-to-20-years-240816900930?src=jobsearchDesk&sid=14955528616707&xp=20,Vice President - Information Technology System,Vice President - Information Technology System,TalPro,Delhi NCR,15-20 yrs,Vice President Information Technology designing IT software applications...,(A) Particulars of the Vacancy  I. Position Level : Vice President - Information Technology ...,Not disclosed
https://www.naukri.com/job-listings-Sr-IT-Executive-Travel-Company-Integrated-Conferences-Events-Pvt-Ltd-Gurgaon-1-to-3-years-280317006420?src=jobsearchDesk&sid=14955528616707&xp=21,Sr. IT Executive @ Travel Company,Sr. IT Executive @ Travel Company,Integrated Conferences & Events Pvt. Ltd.,Gurgaon,1-3 yrs,IT Software Neworking web development Hardware & software...,,175000 - 225000 P.A.
https://www.naukri.com/job-listings-Director-Global-IT-IEEE-Bengaluru-10-to-15-years-170517008296?src=jobsearchDesk&sid=14955528616707&xp=22,Director Global IT,Director Global IT,IEEE,Bengaluru,10-15 yrs,IT Project Management Project Execution Cio Technology Solutions...,  If it impacts technology IEEE has it covered. We publish technical journals organize ...,Not disclosed
https://www.naukri.com/job-listings-Accounts-Executive-Manager-at-Bangalore-Source-IT-Bengaluru-8-to-13-years-220517008175?src=jobsearchDesk&sid=14955528616707&xp=23,Accounts Executive / Manager  at Bangalore,Accounts Executive / Manager  at Bangalore,Source IT,Bengaluru,8-13 yrs,IT Budgeting Information Technology Software Implementation IT Executive...,,225000 - 450000 P.A.
https://www.naukri.com/job-listings-Compliance-Program-hyd-4-yrs-mnc-I-Square-Soft-Hyderabad-4-to-7-years-220517001442?src=jobsearchDesk&sid=14955528616707&xp=24,Compliance Program_hyd_4+yrs_mnc,Compliance Program_hyd_4+yrs_mnc,I Square Soft,Hyderabad,4-7 yrs,PCI DSS Information Security IT Audit SOC Bcms Access Management...,Hi  We have Immediate openings for Compliance Program with our Clienta top MNC for Hyderabad ...,Not disclosed
https://www.naukri.com/job-listings-General-Manager-Information-Technology-BFSI-GlobalHunt-Kerala-15-to-18-years-060417901808?src=jobsearchDesk&sid=14955528616707&xp=25,General Manager - Information Technology - BFSI,General Manager - Information Technology - BFSI,GlobalHunt,Kerala,15-18 yrs,General Manager IT Head Information Technology IT Operations...,Exciting opportunity to work with one of the leading BFSI firms as a GM-IT.  Looking for ...,Not disclosed
https://www.naukri.com/job-listings-Vice-President-IT-Audit-Agile-SDLC-Methodology-Premium-Mumbai-8-to-12-years-200517900406?src=jobsearchDesk&sid=14955528616707&xp=26,Vice President - IT Audit - Agile & SDLC Methodology,Vice President - IT Audit - Agile & SDLC Methodology,Premium,Mumbai,8-12 yrs,Auditing Internal Audit Information Technology IT Audit Compliance...,IT audit team undertakes Information Technology (IT) audits across the Group. IT Audit is responsible ...,Not disclosed
https://www.naukri.com/job-listings-AGM-GM-IT-Leading-Company-Mumbai-Hector-and-Streak-Consulting-Pvt-Ltd-Mumbai-12-to-18-years-160517001016?src=jobsearchDesk&sid=14955528616707&xp=27,AGM / GM IT   - Leading Company - Mumbai,AGM / GM IT   - Leading Company - Mumbai,Hector and Streak Consulting Pvt Ltd,Mumbai,12-18 yrs,Networking WAN LAN IT Budgeting GM IT IT Infrastructure...,Responsible for Information Technology function as Process Owner.   	Is responsible for ...,Not disclosed
